Year,UnleveredCashonCash,LeveredCashonCash
0,,
1,0.056316596009918424,0.04498914411728723
2,0.05074748707314534,0.027050187445950852
3,0.06291012941526127,0.06622792960565117
4,0.06602080611990531,0.07624789783695653
5,0.06927000041853404,0.08671405254888555
6,0.07266358353244835,0.09764530584851347
7,1.3970107300318744,2.4110584278935887
