{
  "going_in_cap_rate": 0.05856740975919878,
  "loan_constant": -0.06080223717910629,
  "going_in_dscr": -1.3760633178836041,
  "going_in_debt_yield": 0.08366772822742682,
  "exit_ltv": -0.4474545895628494,
  "unlevered_irr": 0.09995769036648862,
  "levered_irr": 0.1773965579907316,
  "unlevered_em": 1.774939332601087,
  "levered_em": 2.809932945296834
}